state,abs_err
Meghalaya,89.62256775914017
Arunachal Pradesh,95.28821382156804
Daman & Diu,120.39551966456544
Sikkim,161.48894303590893
Goa,162.10742141507166
Chandigarh,186.40359573842414
Lakshadweep,232.24584764336183
A& N Island,436.71736555060806
D&N Haveli,493.11757640363106
Tripura,535.347147776564
Mizoram,799.380817605885
Puduchery,886.061025420596
Jharkhand,1068.371601639901
Manipur,1226.0193688298477
Chattisgarh,1690.078529223228
Uttrakhand,1821.0773150403468
Himachal Pradesh,2031.7774314293997
Andhra Pradesh,2180.8887712055125
Gujarat,2541.341847403065
Nagaland,2635.3262363774766
Punjab,2845.4505817405798
Haryana,3024.209958726119
Assam,3284.4221673849556
Telangana,3902.4302673806214
Rajasthan,3924.137719724761
Odisha,4252.361979228102
J & K,4368.300845789271
Delhi,4434.36840804802
Maharashtra,6431.704943755741
Madhya Pradesh,6453.669444921742
Kerala,7412.1696391731
Tamil Nadu,9581.380424057661
Bihar,9703.748301669897
Karnataka,13133.916196964139
Uttar Pradesh,13447.02189477436
West Bengal*,25585.154289950933
India Total (source),92376.62514871656
