state,year,cases
A& N Island,2019,168.0
A& N Island,2020,98.0
A& N Island,2021,175.0
A& N Island,2022,1014.0
A& N Island,2023,846.0
A& N Island,2024,59.0
A& N Island,2025,254.0
Andhra Pradesh,2019,5286.0
Andhra Pradesh,2020,925.0
Andhra Pradesh,2021,4760.0
Andhra Pradesh,2022,6391.0
Andhra Pradesh,2023,6453.0
Andhra Pradesh,2024,5555.0
Andhra Pradesh,2025,1410.0
Arunachal Pradesh,2019,123.0
Arunachal Pradesh,2020,1.0
Arunachal Pradesh,2021,7.0
Arunachal Pradesh,2022,114.0
Arunachal Pradesh,2023,130.0
Arunachal Pradesh,2024,20.0
Arunachal Pradesh,2025,132.0
Assam,2019,196.0
Assam,2020,33.0
Assam,2021,103.0
Assam,2022,1826.0
Assam,2023,8208.0
Assam,2024,2271.0
Assam,2025,330.0
Bihar,2019,6712.0
Bihar,2020,493.0
Bihar,2021,633.0
Bihar,2022,13972.0
Bihar,2023,20224.0
Bihar,2024,10157.0
Bihar,2025,775.0
Chandigarh,2019,286.0
Chandigarh,2020,265.0
Chandigarh,2021,1596.0
Chandigarh,2022,910.0
Chandigarh,2023,454.0
Chandigarh,2024,349.0
Chandigarh,2025,2.0
Chattisgarh,2019,722.0
Chattisgarh,2020,57.0
Chattisgarh,2021,1086.0
Chattisgarh,2022,2679.0
Chattisgarh,2023,2412.0
Chattisgarh,2024,3523.0
Chattisgarh,2025,241.0
D&N Haveli,2019,1491.0
D&N Haveli,2020,248.0
D&N Haveli,2021,547.0
D&N Haveli,2022,685.0
D&N Haveli,2023,1178.0
D&N Haveli,2024,403.0
D&N Haveli,2025,45.0
Daman & Diu,2019,625.0
Daman & Diu,2020,71.0
Daman & Diu,2021,279.0
Daman & Diu,2022,228.0
Daman & Diu,2023,284.0
Daman & Diu,2024,278.0
Daman & Diu,2025,59.0
Delhi,2019,5077.0
Delhi,2020,1269.0
Delhi,2021,13089.0
Delhi,2022,10183.0
Delhi,2023,16866.0
Delhi,2024,10585.0
Delhi,2025,964.0
Goa,2019,992.0
Goa,2020,376.0
Goa,2021,649.0
Goa,2022,443.0
Goa,2023,512.0
Goa,2024,567.0
Goa,2025,69.0
Gujarat,2019,18219.0
Gujarat,2020,1564.0
Gujarat,2021,10983.0
Gujarat,2022,6682.0
Gujarat,2023,7222.0
Gujarat,2024,7891.0
Gujarat,2025,1729.0
Haryana,2019,1207.0
Haryana,2020,1377.0
Haryana,2021,11835.0
Haryana,2022,8996.0
Haryana,2023,8081.0
Haryana,2024,6469.0
Haryana,2025,298.0
Himachal Pradesh,2019,344.0
Himachal Pradesh,2020,21.0
Himachal Pradesh,2021,349.0
Himachal Pradesh,2022,3326.0
Himachal Pradesh,2023,1989.0
Himachal Pradesh,2024,3359.0
Himachal Pradesh,2025,105.0
India Total (source),2019,157315.0
India Total (source),2020,44585.0
India Total (source),2021,193245.0
India Total (source),2022,233251.0
India Total (source),2023,289235.0
India Total (source),2024,233519.0
India Total (source),2025,49573.0
J & K,2019,439.0
J & K,2020,53.0
J & K,2021,1709.0
J & K,2022,8269.0
J & K,2023,6403.0
J & K,2024,6876.0
J & K,2025,174.0
Jharkhand,2019,825.0
Jharkhand,2020,79.0
Jharkhand,2021,220.0
Jharkhand,2022,290.0
Jharkhand,2023,2578.0
Jharkhand,2024,1528.0
Jharkhand,2025,155.0
Karnataka,2019,16986.0
Karnataka,2020,3823.0
Karnataka,2021,7393.0
Karnataka,2022,9889.0
Karnataka,2023,19300.0
Karnataka,2024,32886.0
Karnataka,2025,4281.0
Kerala,2019,4652.0
Kerala,2020,4399.0
Kerala,2021,3251.0
Kerala,2022,4432.0
Kerala,2023,17426.0
Kerala,2024,20674.0
Kerala,2025,8259.0
Lakshadweep,2019,0.0
Lakshadweep,2020,0.0
Lakshadweep,2021,1.0
Lakshadweep,2022,67.0
Lakshadweep,2023,445.0
Lakshadweep,2024,513.0
Lakshadweep,2025,79.0
Madhya Pradesh,2019,4189.0
Madhya Pradesh,2020,806.0
Madhya Pradesh,2021,15592.0
Madhya Pradesh,2022,3318.0
Madhya Pradesh,2023,6979.0
Madhya Pradesh,2024,10224.0
Madhya Pradesh,2025,635.0
Maharashtra,2019,14907.0
Maharashtra,2020,3356.0
Maharashtra,2021,12720.0
Maharashtra,2022,8578.0
Maharashtra,2023,19034.0
Maharashtra,2024,19385.0
Maharashtra,2025,6779.0
Manipur,2019,359.0
Manipur,2020,37.0
Manipur,2021,203.0
Manipur,2022,503.0
Manipur,2023,2548.0
Manipur,2024,2463.0
Manipur,2025,531.0
Meghalaya,2019,82.0
Meghalaya,2020,4.0
Meghalaya,2021,129.0
Meghalaya,2022,26.0
Meghalaya,2023,114.0
Meghalaya,2024,74.0
Meghalaya,2025,35.0
Mizoram,2019,42.0
Mizoram,2020,67.0
Mizoram,2021,83.0
Mizoram,2022,1868.0
Mizoram,2023,2060.0
Mizoram,2024,744.0
Mizoram,2025,390.0
Nagaland,2019,8.0
Nagaland,2020,1.0
Nagaland,2021,24.0
Nagaland,2022,154.0
Nagaland,2023,4943.0
Nagaland,2024,42.0
Nagaland,2025,12.0
Odisha,2019,3758.0
Odisha,2020,496.0
Odisha,2021,7548.0
Odisha,2022,7063.0
Odisha,2023,12845.0
Odisha,2024,9892.0
Odisha,2025,1246.0
Puduchery,2019,2030.0
Puduchery,2020,633.0
Puduchery,2021,1625.0
Puduchery,2022,1673.0
Puduchery,2023,2790.0
Puduchery,2024,2128.0
Puduchery,2025,478.0
Punjab,2019,10289.0
Punjab,2020,8435.0
Punjab,2021,23389.0
Punjab,2022,11030.0
Punjab,2023,13687.0
Punjab,2024,6260.0
Punjab,2025,467.0
Rajasthan,2019,13706.0
Rajasthan,2020,2023.0
Rajasthan,2021,20749.0
Rajasthan,2022,13491.0
Rajasthan,2023,13924.0
Rajasthan,2024,12514.0
Rajasthan,2025,1043.0
Sikkim,2019,444.0
Sikkim,2020,11.0
Sikkim,2021,243.0
Sikkim,2022,264.0
Sikkim,2023,311.0
Sikkim,2024,374.0
Sikkim,2025,109.0
Tamil Nadu,2019,8527.0
Tamil Nadu,2020,2410.0
Tamil Nadu,2021,6039.0
Tamil Nadu,2022,6430.0
Tamil Nadu,2023,9121.0
Tamil Nadu,2024,27378.0
Tamil Nadu,2025,11825.0
Telangana,2019,13331.0
Telangana,2020,2173.0
Telangana,2021,7135.0
Telangana,2022,8972.0
Telangana,2023,8016.0
Telangana,2024,10077.0
Telangana,2025,4296.0
Tripura,2019,114.0
Tripura,2020,24.0
Tripura,2021,349.0
Tripura,2022,56.0
Tripura,2023,1447.0
Tripura,2024,1198.0
Tripura,2025,331.0
Uttar Pradesh,2019,10557.0
Uttar Pradesh,2020,3715.0
Uttar Pradesh,2021,29750.0
Uttar Pradesh,2022,19821.0
Uttar Pradesh,2023,35402.0
Uttar Pradesh,2024,15868.0
Uttar Pradesh,2025,1646.0
Uttrakhand,2019,10622.0
Uttrakhand,2020,76.0
Uttrakhand,2021,738.0
Uttrakhand,2022,2337.0
Uttrakhand,2023,4320.0
Uttrakhand,2024,494.0
Uttrakhand,2025,389.0
West Bengal*,2019,0.0
West Bengal*,2020,5166.0
West Bengal*,2021,8264.0
West Bengal*,2022,67271.0
West Bengal*,2023,30683.0
West Bengal*,2024,441.0
West Bengal*,2025,0.0
